metric,value
rougeL_recall,0.11788617886178862
bertscore,0.008260500617325306
novel_ngrams,0.9206349206349206
jsd_stats,0.4095388371323227
entity_coverage,0.1111111111111111
entity_hallucination,0.0
ncd_overlap,0.8622159090909091
salience_recall,0.3
nli_faithfulness,0.0
readability_delta,-4.800736677115982
sentence_coherence,0.44910377264022827
entity_grid_coherence,0.0
lexical_diversity,0.6615384615384615
stopword_ratio,0.4307692307692308
bookscore,1.0
questeval,0.28232510738720984
